customer_id,customer_name,email,phone,city
1,Arjun Patil,customer1@example.com,9896233790,Bangalore
2,Karan Joshi,customer2@example.com,9249827706,Mumbai
3,Kavya Sharma,customer3@example.com,9734036506,Delhi
4,Vivaan Patil,customer4@example.com,9200604502,Nagpur
5,Karan Tathe,customer5@example.com,9746412689,Pune
6,Kavya Joshi,customer6@example.com,9868820204,Delhi
7,Karan More,customer7@example.com,9732719211,Bangalore
8,Aarav Kulkarni,customer8@example.com,9849621470,Delhi
9,Priya Deshmukh,customer9@example.com,9266944844,Nagpur
10,Priya Sharma,customer10@example.com,9199585092,Delhi
11,Arjun Pawar,customer11@example.com,9469319644,Bangalore
12,Vivaan More,customer12@example.com,9675770529,Mumbai
13,Pooja Sharma,customer13@example.com,9692749116,Bangalore
14,Simran Pawar,customer14@example.com,9719927151,Nagpur
15,Aditya Patil,customer15@example.com,9810026086,Nagpur
16,Raj Sharma,customer16@example.com,9349957310,Mumbai
17,Pooja Deshmukh,customer17@example.com,9586845604,Hyderabad
18,Rahul Pawar,customer18@example.com,9481469012,Nagpur
19,Ankit Sharma,customer19@example.com,9754049436,Nashik
20,Kavya Joshi,customer20@example.com,9275452091,Chennai
21,Pooja Deshmukh,customer21@example.com,9787194506,Nagpur
22,Priya Patil,customer22@example.com,9345938494,Pune
23,Priya Jadhav,customer23@example.com,9387484583,Mumbai
24,Amit Kale,customer24@example.com,9870854579,Hyderabad
25,Amit More,customer25@example.com,9524806516,Chennai
26,Rohan Deshmukh,customer26@example.com,9249926919,Nagpur
27,Kavya Tathe,customer27@example.com,9382116655,Delhi
28,Riya Jadhav,customer28@example.com,9488690725,Nagpur
29,Rohan Tathe,customer29@example.com,9629908599,Mumbai
30,Vivaan Sharma,customer30@example.com,9264112119,Nashik
31,Neha Kale,customer31@example.com,9168212356,Delhi
32,Pooja Kale,customer32@example.com,9602564736,Bangalore
33,Kavya Patil,customer33@example.com,9830448745,Mumbai
34,Kavya Deshmukh,customer34@example.com,9925276600,Hyderabad
35,Arjun Deshmukh,customer35@example.com,9566825638,Nashik
36,Meera Patil,customer36@example.com,9875340444,Bangalore
37,Isha Kulkarni,customer37@example.com,9645119047,Mumbai
38,Raj Tathe,customer38@example.com,9753876785,Nagpur
39,Rohan Pawar,customer39@example.com,9918739736,Nashik
40,Kavya Tathe,customer40@example.com,9100614068,Hyderabad
41,Ananya Patil,customer41@example.com,9220117054,Hyderabad
42,Raj Joshi,customer42@example.com,9162196678,Nagpur
43,Riya Sharma,customer43@example.com,9191969690,Chennai
44,Aditya Tathe,customer44@example.com,9922308461,Nashik
45,Rohan More,customer45@example.com,9690347116,Nashik
46,Ankit Tathe,customer46@example.com,9751325257,Delhi
47,Amit Tathe,customer47@example.com,9910959828,Nagpur
48,Raj Jadhav,customer48@example.com,9821218382,Hyderabad
49,Meera Tathe,customer49@example.com,9584779555,Mumbai
50,Karan Joshi,customer50@example.com,9168747287,Hyderabad
51,Aarav Kale,customer51@example.com,9694768704,Nagpur
52,Riya Joshi,customer52@example.com,9107721109,Mumbai
53,Vivaan Joshi,customer53@example.com,9172370545,Pune
54,Priya Sharma,customer54@example.com,9652070932,Nagpur
55,Ankit More,customer55@example.com,9330035022,Nashik
56,Riya Kale,customer56@example.com,9607526654,Nagpur
57,Ananya Jadhav,customer57@example.com,9304451095,Mumbai
58,Arjun Jadhav,customer58@example.com,9480424119,Delhi
59,Neha More,customer59@example.com,9882839238,Pune
60,Arjun Patil,customer60@example.com,9532311310,Hyderabad
61,Arjun Joshi,customer61@example.com,9305718272,Nagpur
62,Kavya More,customer62@example.com,9250519597,Delhi
63,Rahul Deshmukh,customer63@example.com,9596743109,Nagpur
64,Aditya More,customer64@example.com,9967607278,Mumbai
65,Vivaan Tathe,customer65@example.com,9997677788,Pune
66,Aditya Joshi,customer66@example.com,9278575192,Delhi
67,Ananya More,customer67@example.com,9329509408,Delhi
68,Vivaan Kulkarni,customer68@example.com,9506919288,Pune
69,Pooja Deshmukh,customer69@example.com,9941889393,Chennai
70,Raj Jadhav,customer70@example.com,9847959430,Chennai
71,Rohan Joshi,customer71@example.com,9418587604,Nagpur
72,Vivaan Kale,customer72@example.com,9889991777,Pune
73,Priya Patil,customer73@example.com,9153839920,Chennai
74,Isha Tathe,customer74@example.com,9269042105,Pune
75,Isha Sharma,customer75@example.com,9299528037,Mumbai
76,Simran Sharma,customer76@example.com,9825003955,Nagpur
77,Pooja Sharma,customer77@example.com,9711684318,Nagpur
78,Riya Kale,customer78@example.com,9142672287,Mumbai
79,Neha Kale,customer79@example.com,9706907788,Hyderabad
80,Ankit Joshi,customer80@example.com,9819112790,Hyderabad
81,Karan Deshmukh,customer81@example.com,9524971817,Nashik
82,Raj More,customer82@example.com,9439492674,Mumbai
83,Aarav More,customer83@example.com,9766964667,Mumbai
84,Aditya Tathe,customer84@example.com,9328872698,Bangalore
85,Rohan Pawar,customer85@example.com,9173864104,Nagpur
86,Sneha Deshmukh,customer86@example.com,9269379374,Chennai
87,Kavya Deshmukh,customer87@example.com,9756783995,Pune
88,Kavya Deshmukh,customer88@example.com,9812308209,Mumbai
89,Rohan Deshmukh,customer89@example.com,9223940587,Mumbai
90,Kavya Kulkarni,customer90@example.com,9392431670,Bangalore
91,Simran Joshi,customer91@example.com,9870530217,Hyderabad
92,Amit Deshmukh,customer92@example.com,9642678844,Chennai
93,Ankit Patil,customer93@example.com,9199104722,Delhi
94,Ankit Patil,customer94@example.com,9103807155,Hyderabad
95,Rohan Deshmukh,customer95@example.com,9273497327,Chennai
96,Kavya Jadhav,customer96@example.com,9702269164,Pune
97,Arjun Sharma,customer97@example.com,9841976666,Nashik
98,Kavya Patil,customer98@example.com,9996139578,Hyderabad
99,Riya Tathe,customer99@example.com,9259014493,Delhi
100,Rohan Patil,customer100@example.com,9430989881,Hyderabad
101,Vivaan Pawar,customer101@example.com,9325567963,Nagpur
102,Arjun Pawar,customer102@example.com,9937643439,Delhi
103,Simran Kulkarni,customer103@example.com,9354194771,Nashik
104,Rahul Jadhav,customer104@example.com,9126614158,Nashik
105,Priya Jadhav,customer105@example.com,9961393416,Nagpur
106,Ankit Kulkarni,customer106@example.com,9945436943,Mumbai
107,Pooja Patil,customer107@example.com,9605399561,Nagpur
108,Amit More,customer108@example.com,9475442872,Bangalore
109,Karan Joshi,customer109@example.com,9125409494,Nagpur
110,Pooja Pawar,customer110@example.com,9399147754,Mumbai
111,Ankit Pawar,customer111@example.com,9788785773,Delhi
112,Kavya Pawar,customer112@example.com,9129635852,Mumbai
113,Ankit Kulkarni,customer113@example.com,9723403479,Bangalore
114,Vivaan Sharma,customer114@example.com,9740563507,Delhi
115,Sneha Pawar,customer115@example.com,9568574364,Mumbai
116,Pooja Kale,customer116@example.com,9304095531,Bangalore
117,Vivaan Jadhav,customer117@example.com,9101815992,Nagpur
118,Sneha Jadhav,customer118@example.com,9175133802,Hyderabad
119,Simran Pawar,customer119@example.com,9812306873,Mumbai
120,Raj Tathe,customer120@example.com,9432091877,Delhi
121,Priya Jadhav,customer121@example.com,9848621833,Bangalore
122,Kavya Kulkarni,customer122@example.com,9305986733,Delhi
123,Pooja Kulkarni,customer123@example.com,9760904107,Bangalore
124,Pooja Tathe,customer124@example.com,9995205588,Pune
125,Raj Deshmukh,customer125@example.com,9325681936,Delhi
126,Riya Kale,customer126@example.com,9802984810,Hyderabad
127,Meera More,customer127@example.com,9574765466,Nagpur
128,Isha More,customer128@example.com,9952266893,Nashik
129,Aditya Deshmukh,customer129@example.com,9653462378,Hyderabad
130,Aditya Joshi,customer130@example.com,9822408848,Bangalore
131,Karan Joshi,customer131@example.com,9258220114,Pune
132,Vivaan Joshi,customer132@example.com,9610173760,Mumbai
133,Meera Jadhav,customer133@example.com,9776205431,Nagpur
134,Pooja More,customer134@example.com,9529123992,Nagpur
135,Rohan Patil,customer135@example.com,9906341966,Mumbai
136,Neha Joshi,customer136@example.com,9288856883,Chennai
137,Vivaan Tathe,customer137@example.com,9367574609,Mumbai
138,Meera Kulkarni,customer138@example.com,9960514523,Chennai
139,Isha Tathe,customer139@example.com,9739362057,Hyderabad
140,Meera Kale,customer140@example.com,9975106572,Delhi
141,Kavya More,customer141@example.com,9270894498,Chennai
142,Meera Deshmukh,customer142@example.com,9907214179,Nagpur
143,Ankit Tathe,customer143@example.com,9620332086,Nagpur
144,Ankit More,customer144@example.com,9183197117,Bangalore
145,Karan Deshmukh,customer145@example.com,9460613550,Hyderabad
146,Kavya Sharma,customer146@example.com,9248578017,Nashik
147,Karan Jadhav,customer147@example.com,9845122940,Nashik
148,Amit Sharma,customer148@example.com,9545461013,Delhi
149,Priya Tathe,customer149@example.com,9600282414,Delhi
150,Vivaan Joshi,customer150@example.com,9994310083,Delhi
151,Pooja Kale,customer151@example.com,9846812123,Pune
152,Riya Jadhav,customer152@example.com,9612153089,Pune
153,Sneha Deshmukh,customer153@example.com,9909037759,Delhi
154,Neha Tathe,customer154@example.com,9902638839,Nagpur
155,Ananya Joshi,customer155@example.com,9393062061,Delhi
156,Ananya Patil,customer156@example.com,9517532243,Hyderabad
157,Pooja Kulkarni,customer157@example.com,9601856351,Nashik
158,Simran Tathe,customer158@example.com,9128955006,Delhi
159,Riya Kale,customer159@example.com,9811890569,Pune
160,Aditya Jadhav,customer160@example.com,9245706210,Chennai
161,Rahul Patil,customer161@example.com,9379340713,Delhi
162,Priya Joshi,customer162@example.com,9588229686,Hyderabad
163,Priya Jadhav,customer163@example.com,9398775766,Delhi
164,Ankit Sharma,customer164@example.com,9604988121,Pune
165,Kavya Patil,customer165@example.com,9475767056,Nagpur
166,Aditya Patil,customer166@example.com,9909851739,Pune
167,Karan Joshi,customer167@example.com,9121882877,Nashik
168,Karan Kulkarni,customer168@example.com,9608482316,Mumbai
169,Riya Joshi,customer169@example.com,9599326438,Bangalore
170,Sneha Kulkarni,customer170@example.com,9750572325,Mumbai
171,Rahul Deshmukh,customer171@example.com,9216070149,Pune
172,Raj Kale,customer172@example.com,9827296111,Delhi
173,Pooja Joshi,customer173@example.com,9181600593,Nagpur
174,Arjun Deshmukh,customer174@example.com,9834717549,Mumbai
175,Riya Patil,customer175@example.com,9472807202,Delhi
176,Sneha Sharma,customer176@example.com,9643271261,Hyderabad
177,Aarav Jadhav,customer177@example.com,9982971099,Chennai
178,Arjun Jadhav,customer178@example.com,9488896443,Chennai
179,Rohan Jadhav,customer179@example.com,9289125618,Bangalore
180,Simran Tathe,customer180@example.com,9931764920,Chennai
181,Meera Jadhav,customer181@example.com,9986625773,Bangalore
182,Priya Joshi,customer182@example.com,9991990632,Mumbai
183,Ankit More,customer183@example.com,9361846370,Chennai
184,Riya Kale,customer184@example.com,9817461907,Delhi
185,Priya Patil,customer185@example.com,9630757561,Hyderabad
186,Rahul More,customer186@example.com,9327761953,Hyderabad
187,Ankit Pawar,customer187@example.com,9400281010,Bangalore
188,Kavya Patil,customer188@example.com,9654724287,Nagpur
189,Aditya Joshi,customer189@example.com,9873174285,Delhi
190,Ananya Tathe,customer190@example.com,9914073098,Nagpur
191,Ananya More,customer191@example.com,9581223755,Pune
192,Aditya Deshmukh,customer192@example.com,9337937327,Delhi
193,Karan Deshmukh,customer193@example.com,9812921644,Hyderabad
194,Ananya Tathe,customer194@example.com,9670073085,Hyderabad
195,Neha Tathe,customer195@example.com,9455184454,Hyderabad
196,Meera Deshmukh,customer196@example.com,9429233929,Bangalore
197,Karan Sharma,customer197@example.com,9874473159,Nagpur
198,Priya Sharma,customer198@example.com,9897662466,Nashik
199,Amit Joshi,customer199@example.com,9893070706,Chennai
200,Ankit Kale,customer200@example.com,9916267011,Bangalore
201,Arjun Joshi,customer201@example.com,9418092217,Nagpur
202,Sneha Kulkarni,customer202@example.com,9424557359,Pune
203,Kavya Kulkarni,customer203@example.com,9394539550,Pune
204,Vivaan Tathe,customer204@example.com,9413679331,Nashik
205,Ananya Sharma,customer205@example.com,9113169872,Bangalore
206,Ananya More,customer206@example.com,9572949775,Hyderabad
207,Rahul Patil,customer207@example.com,9371096600,Chennai
208,Arjun Sharma,customer208@example.com,9530256336,Chennai
209,Aditya Kale,customer209@example.com,9775862179,Pune
210,Rohan Kulkarni,customer210@example.com,9970957171,Bangalore
211,Aditya Joshi,customer211@example.com,9227186396,Delhi
212,Simran Kale,customer212@example.com,9949051496,Nagpur
213,Isha Jadhav,customer213@example.com,9583736219,Chennai
214,Raj Kale,customer214@example.com,9560452529,Bangalore
215,Riya Kale,customer215@example.com,9164671796,Mumbai
216,Amit Joshi,customer216@example.com,9384161612,Mumbai
217,Rahul Joshi,customer217@example.com,9286630878,Mumbai
218,Rahul Patil,customer218@example.com,9538642403,Chennai
219,Simran More,customer219@example.com,9412737284,Pune
220,Karan Deshmukh,customer220@example.com,9859088046,Bangalore
221,Meera Sharma,customer221@example.com,9838073939,Nagpur
222,Ankit Kale,customer222@example.com,9809939880,Nagpur
223,Neha Sharma,customer223@example.com,9684719405,Nagpur
224,Rohan Deshmukh,customer224@example.com,9987588450,Nashik
225,Aditya Patil,customer225@example.com,9278158234,Bangalore
226,Simran Kale,customer226@example.com,9409893263,Chennai
227,Arjun More,customer227@example.com,9839462365,Bangalore
228,Pooja Deshmukh,customer228@example.com,9637377910,Chennai
229,Meera Sharma,customer229@example.com,9742136977,Pune
230,Neha Pawar,customer230@example.com,9748232591,Bangalore
231,Aarav Sharma,customer231@example.com,9345805719,Pune
232,Ankit Kale,customer232@example.com,9143198431,Nashik
233,Ananya Tathe,customer233@example.com,9799552991,Chennai
234,Ankit Kulkarni,customer234@example.com,9728492896,Delhi
235,Ananya Sharma,customer235@example.com,9604669821,Hyderabad
236,Neha Pawar,customer236@example.com,9444733679,Mumbai
237,Rahul Pawar,customer237@example.com,9542000551,Chennai
238,Raj Jadhav,customer238@example.com,9973559879,Pune
239,Meera Sharma,customer239@example.com,9437710224,Bangalore
240,Priya Sharma,customer240@example.com,9929517022,Delhi
241,Isha Patil,customer241@example.com,9806157458,Chennai
242,Neha Patil,customer242@example.com,9301415220,Hyderabad
243,Simran More,customer243@example.com,9771527524,Chennai
244,Vivaan Joshi,customer244@example.com,9386749454,Nashik
245,Raj More,customer245@example.com,9849740261,Chennai
246,Arjun Patil,customer246@example.com,9776481264,Nagpur
247,Rahul Deshmukh,customer247@example.com,9691458887,Pune
248,Kavya Jadhav,customer248@example.com,9200082623,Nagpur
249,Arjun More,customer249@example.com,9226128312,Nashik
250,Ananya Deshmukh,customer250@example.com,9646397165,Bangalore
251,Neha More,customer251@example.com,9607042130,Nagpur
252,Meera Tathe,customer252@example.com,9255308128,Delhi
253,Amit Kale,customer253@example.com,9645719501,Nashik
254,Aditya Deshmukh,customer254@example.com,9929653607,Delhi
255,Priya Tathe,customer255@example.com,9386874458,Pune
256,Raj Deshmukh,customer256@example.com,9999232921,Chennai
257,Rohan More,customer257@example.com,9678296492,Chennai
258,Sneha Pawar,customer258@example.com,9692616814,Delhi
259,Meera Pawar,customer259@example.com,9302563940,Nagpur
260,Riya Jadhav,customer260@example.com,9350785761,Delhi
261,Vivaan Pawar,customer261@example.com,9899621068,Chennai
262,Pooja Jadhav,customer262@example.com,9812630453,Nashik
263,Ananya Patil,customer263@example.com,9235555899,Hyderabad
264,Arjun More,customer264@example.com,9207064620,Chennai
265,Aarav Kulkarni,customer265@example.com,9540211187,Nashik
266,Aditya More,customer266@example.com,9939156387,Bangalore
267,Priya Kale,customer267@example.com,9843785903,Delhi
268,Aditya Pawar,customer268@example.com,9824085842,Delhi
269,Priya More,customer269@example.com,9680911523,Pune
270,Simran Sharma,customer270@example.com,9352082631,Bangalore
271,Karan Sharma,customer271@example.com,9565973314,Mumbai
272,Arjun More,customer272@example.com,9278632824,Bangalore
273,Aarav Patil,customer273@example.com,9448294647,Pune
274,Raj Pawar,customer274@example.com,9502482554,Delhi
275,Rohan Joshi,customer275@example.com,9670335494,Delhi
276,Riya Kulkarni,customer276@example.com,9282518553,Nashik
277,Aditya Kale,customer277@example.com,9510753814,Nagpur
278,Ananya Kale,customer278@example.com,9253671484,Nagpur
279,Meera Deshmukh,customer279@example.com,9593460064,Bangalore
280,Aarav More,customer280@example.com,9408842146,Nashik
281,Aditya More,customer281@example.com,9471048258,Bangalore
282,Neha Deshmukh,customer282@example.com,9590523712,Bangalore
283,Amit Jadhav,customer283@example.com,9618840705,Mumbai
284,Karan Jadhav,customer284@example.com,9714097318,Hyderabad
285,Riya Deshmukh,customer285@example.com,9850845198,Bangalore
286,Aarav Jadhav,customer286@example.com,9394721069,Pune
287,Riya Patil,customer287@example.com,9751124015,Chennai
288,Raj Joshi,customer288@example.com,9751831074,Hyderabad
289,Karan Joshi,customer289@example.com,9766676815,Bangalore
290,Rohan Sharma,customer290@example.com,9773728014,Pune
291,Raj More,customer291@example.com,9135824891,Hyderabad
292,Rohan Sharma,customer292@example.com,9416872439,Hyderabad
293,Neha Kulkarni,customer293@example.com,9315601773,Nashik
294,Kavya Pawar,customer294@example.com,9669998399,Bangalore
295,Rahul Deshmukh,customer295@example.com,9985503942,Chennai
296,Raj Pawar,customer296@example.com,9963538119,Mumbai
297,Meera Sharma,customer297@example.com,9251136695,Nagpur
298,Pooja Tathe,customer298@example.com,9492747974,Mumbai
299,Pooja Patil,customer299@example.com,9383960237,Mumbai
300,Meera Pawar,customer300@example.com,9822443971,Bangalore
301,Riya Jadhav,customer301@example.com,9983063850,Hyderabad
302,Arjun Joshi,customer302@example.com,9606244434,Pune
303,Simran Tathe,customer303@example.com,9452194058,Nagpur
304,Aditya More,customer304@example.com,9852775879,Bangalore
305,Neha Sharma,customer305@example.com,9250084428,Pune
306,Vivaan Deshmukh,customer306@example.com,9628951656,Mumbai
307,Arjun Joshi,customer307@example.com,9677186272,Nashik
308,Pooja More,customer308@example.com,9498370582,Delhi
309,Riya Kulkarni,customer309@example.com,9545478870,Mumbai
310,Ananya Kale,customer310@example.com,9538211092,Bangalore
311,Vivaan Pawar,customer311@example.com,9333291547,Chennai
312,Meera Joshi,customer312@example.com,9489431174,Mumbai
313,Sneha Tathe,customer313@example.com,9792377512,Hyderabad
314,Vivaan Jadhav,customer314@example.com,9396225446,Nagpur
315,Arjun More,customer315@example.com,9198433586,Nagpur
316,Simran Patil,customer316@example.com,9154308262,Hyderabad
317,Karan Kulkarni,customer317@example.com,9945011302,Nagpur
318,Aditya Tathe,customer318@example.com,9322433532,Nagpur
319,Karan Pawar,customer319@example.com,9931471931,Nashik
320,Simran Patil,customer320@example.com,9397721596,Nashik
321,Rohan Tathe,customer321@example.com,9369137895,Nashik
322,Arjun Patil,customer322@example.com,9241522640,Pune
323,Sneha Joshi,customer323@example.com,9732276010,Hyderabad
324,Aarav Kulkarni,customer324@example.com,9384936197,Pune
325,Rohan Jadhav,customer325@example.com,9664880035,Mumbai
326,Aditya More,customer326@example.com,9581331845,Hyderabad
327,Isha Kale,customer327@example.com,9217095851,Chennai
328,Isha Joshi,customer328@example.com,9760465943,Pune
329,Isha Deshmukh,customer329@example.com,9591819409,Pune
330,Vivaan More,customer330@example.com,9531233244,Delhi
331,Arjun More,customer331@example.com,9864935082,Chennai
332,Aditya Sharma,customer332@example.com,9445864933,Nashik
333,Aditya Kulkarni,customer333@example.com,9395296179,Hyderabad
334,Pooja Kale,customer334@example.com,9669681065,Bangalore
335,Meera Tathe,customer335@example.com,9750072069,Delhi
336,Arjun Sharma,customer336@example.com,9802992685,Nagpur
337,Neha More,customer337@example.com,9345343109,Delhi
338,Priya More,customer338@example.com,9528133274,Delhi
339,Arjun Pawar,customer339@example.com,9558234365,Hyderabad
340,Ankit Pawar,customer340@example.com,9263894795,Chennai
341,Aditya Sharma,customer341@example.com,9993108266,Mumbai
342,Aditya Jadhav,customer342@example.com,9203685265,Hyderabad
343,Rohan Tathe,customer343@example.com,9164404084,Hyderabad
344,Arjun Jadhav,customer344@example.com,9479673044,Delhi
345,Vivaan Deshmukh,customer345@example.com,9744685429,Bangalore
346,Sneha Sharma,customer346@example.com,9720535283,Nagpur
347,Rohan More,customer347@example.com,9340781088,Mumbai
348,Sneha Tathe,customer348@example.com,9494665673,Mumbai
349,Ankit Kale,customer349@example.com,9342836476,Delhi
350,Kavya Kale,customer350@example.com,9758819288,Pune
351,Simran Deshmukh,customer351@example.com,9131088245,Nashik
352,Ankit Deshmukh,customer352@example.com,9464883950,Hyderabad
353,Aarav Kulkarni,customer353@example.com,9253815116,Delhi
354,Aditya Kulkarni,customer354@example.com,9895609471,Pune
355,Aditya Tathe,customer355@example.com,9330997172,Delhi
356,Neha More,customer356@example.com,9466034277,Nashik
357,Sneha Deshmukh,customer357@example.com,9874807770,Hyderabad
358,Riya Kale,customer358@example.com,9191221925,Pune
359,Rohan Kulkarni,customer359@example.com,9910069356,Pune
360,Aditya Deshmukh,customer360@example.com,9575788930,Delhi
361,Ananya Kale,customer361@example.com,9574641329,Delhi
362,Ankit Joshi,customer362@example.com,9910614025,Mumbai
363,Sneha Jadhav,customer363@example.com,9219066986,Bangalore
364,Riya More,customer364@example.com,9665791188,Bangalore
365,Vivaan Joshi,customer365@example.com,9524410834,Pune
366,Aarav Joshi,customer366@example.com,9423646570,Nagpur
367,Rohan Deshmukh,customer367@example.com,9410791488,Hyderabad
368,Arjun Patil,customer368@example.com,9634063428,Delhi
369,Rahul Kulkarni,customer369@example.com,9508244633,Nagpur
370,Isha Tathe,customer370@example.com,9994807263,Hyderabad
371,Aditya Jadhav,customer371@example.com,9896760809,Pune
372,Neha Patil,customer372@example.com,9593657365,Mumbai
373,Priya Kale,customer373@example.com,9560940492,Delhi
374,Neha Deshmukh,customer374@example.com,9223666470,Delhi
375,Aarav Pawar,customer375@example.com,9284547422,Chennai
376,Sneha Sharma,customer376@example.com,9568915703,Mumbai
377,Karan Jadhav,customer377@example.com,9732295732,Delhi
378,Isha Sharma,customer378@example.com,9524951250,Bangalore
379,Priya Joshi,customer379@example.com,9457629711,Nashik
380,Aditya Tathe,customer380@example.com,9779919809,Mumbai
381,Isha Tathe,customer381@example.com,9308202515,Hyderabad
382,Sneha Kulkarni,customer382@example.com,9353691745,Mumbai
383,Rohan Deshmukh,customer383@example.com,9311818984,Nashik
384,Simran Kulkarni,customer384@example.com,9916274954,Mumbai
385,Rahul More,customer385@example.com,9598165815,Chennai
386,Riya Kale,customer386@example.com,9447042200,Hyderabad
387,Rohan More,customer387@example.com,9173321814,Chennai
388,Meera Deshmukh,customer388@example.com,9955052486,Bangalore
389,Riya Patil,customer389@example.com,9477895080,Mumbai
390,Raj More,customer390@example.com,9585238820,Pune
391,Vivaan Pawar,customer391@example.com,9993027458,Bangalore
392,Aditya Sharma,customer392@example.com,9760360225,Delhi
393,Meera Kale,customer393@example.com,9695192667,Pune
394,Meera Kale,customer394@example.com,9799905142,Nagpur
395,Priya Kale,customer395@example.com,9610702777,Nashik
396,Vivaan More,customer396@example.com,9211134294,Hyderabad
397,Aditya Tathe,customer397@example.com,9793773681,Nashik
398,Vivaan Joshi,customer398@example.com,9859803019,Chennai
399,Meera Tathe,customer399@example.com,9661296425,Nashik
400,Sneha Pawar,customer400@example.com,9403754671,Delhi
401,Neha Pawar,customer401@example.com,9828960875,Pune
402,Priya Sharma,customer402@example.com,9454002758,Mumbai
403,Kavya Jadhav,customer403@example.com,9405100495,Bangalore
404,Simran Kulkarni,customer404@example.com,9457944766,Mumbai
405,Riya Kulkarni,customer405@example.com,9475617211,Bangalore
406,Pooja Kulkarni,customer406@example.com,9738920648,Mumbai
407,Raj Tathe,customer407@example.com,9504456327,Hyderabad
408,Rohan Tathe,customer408@example.com,9200344359,Delhi
409,Isha Pawar,customer409@example.com,9119574893,Hyderabad
410,Raj Kulkarni,customer410@example.com,9329987621,Hyderabad
411,Ananya Joshi,customer411@example.com,9343248743,Nashik
412,Rohan Sharma,customer412@example.com,9417604347,Mumbai
413,Isha Tathe,customer413@example.com,9996703082,Pune
414,Priya Kale,customer414@example.com,9240712839,Delhi
415,Rohan Kulkarni,customer415@example.com,9294181873,Nashik
416,Meera Patil,customer416@example.com,9541156077,Hyderabad
417,Karan More,customer417@example.com,9755621841,Bangalore
418,Meera Joshi,customer418@example.com,9673390109,Nagpur
419,Raj More,customer419@example.com,9996696177,Nagpur
420,Sneha Kale,customer420@example.com,9573087862,Chennai
421,Raj Jadhav,customer421@example.com,9639991949,Delhi
422,Rahul Joshi,customer422@example.com,9960345542,Nashik
423,Ankit Patil,customer423@example.com,9788460744,Chennai
424,Sneha Tathe,customer424@example.com,9210154881,Mumbai
425,Raj Sharma,customer425@example.com,9919390458,Nashik
426,Ankit More,customer426@example.com,9651208305,Nashik
427,Neha Sharma,customer427@example.com,9338411494,Chennai
428,Sneha Patil,customer428@example.com,9545492166,Pune
429,Pooja Tathe,customer429@example.com,9501538092,Nagpur
430,Pooja Sharma,customer430@example.com,9502559419,Nagpur
431,Aarav Pawar,customer431@example.com,9206389694,Hyderabad
432,Rohan Kulkarni,customer432@example.com,9141127742,Bangalore
433,Ananya Kulkarni,customer433@example.com,9914799481,Chennai
434,Meera Kale,customer434@example.com,9105638424,Mumbai
435,Aarav Deshmukh,customer435@example.com,9331557515,Nashik
436,Kavya Kale,customer436@example.com,9666690337,Delhi
437,Arjun Deshmukh,customer437@example.com,9355164255,Bangalore
438,Arjun Patil,customer438@example.com,9356022467,Delhi
439,Simran More,customer439@example.com,9167438668,Mumbai
440,Ananya Kale,customer440@example.com,9675583372,Pune
441,Isha Kale,customer441@example.com,9359779090,Nashik
442,Raj Jadhav,customer442@example.com,9101679695,Hyderabad
443,Karan Kale,customer443@example.com,9547286055,Nashik
444,Aditya Tathe,customer444@example.com,9487195336,Mumbai
445,Isha Tathe,customer445@example.com,9644738967,Pune
446,Pooja More,customer446@example.com,9146744734,Delhi
447,Sneha Deshmukh,customer447@example.com,9902425085,Pune
448,Sneha Sharma,customer448@example.com,9470228863,Nagpur
449,Arjun Kale,customer449@example.com,9889401015,Hyderabad
450,Rohan Patil,customer450@example.com,9478278218,Hyderabad
451,Rahul More,customer451@example.com,9846668526,Chennai
452,Rahul Kulkarni,customer452@example.com,9167753684,Chennai
453,Vivaan Deshmukh,customer453@example.com,9316456682,Pune
454,Amit Patil,customer454@example.com,9438868427,Bangalore
455,Isha Jadhav,customer455@example.com,9975535611,Chennai
456,Ankit Patil,customer456@example.com,9908839964,Nagpur
457,Raj Pawar,customer457@example.com,9938422254,Pune
458,Priya Deshmukh,customer458@example.com,9233654018,Hyderabad
459,Neha Jadhav,customer459@example.com,9898120571,Chennai
460,Pooja Pawar,customer460@example.com,9300593456,Chennai
461,Ananya Pawar,customer461@example.com,9956084565,Bangalore
462,Aditya Jadhav,customer462@example.com,9184747224,Delhi
463,Simran Kulkarni,customer463@example.com,9685698675,Bangalore
464,Priya Sharma,customer464@example.com,9185973340,Hyderabad
465,Raj Deshmukh,customer465@example.com,9578798403,Delhi
466,Rahul More,customer466@example.com,9477470703,Chennai
467,Vivaan Pawar,customer467@example.com,9760191749,Delhi
468,Ankit Patil,customer468@example.com,9180574838,Delhi
469,Sneha Tathe,customer469@example.com,9960170255,Nashik
470,Aarav Kulkarni,customer470@example.com,9752376434,Chennai
471,Vivaan Kulkarni,customer471@example.com,9172191273,Nagpur
472,Sneha Pawar,customer472@example.com,9511086777,Pune
473,Simran Kulkarni,customer473@example.com,9829137330,Chennai
474,Sneha Pawar,customer474@example.com,9576676179,Mumbai
475,Riya Kulkarni,customer475@example.com,9668503222,Hyderabad
476,Pooja Pawar,customer476@example.com,9797460535,Bangalore
477,Karan Sharma,customer477@example.com,9127824235,Nashik
478,Ananya Tathe,customer478@example.com,9515524530,Mumbai
479,Ankit Deshmukh,customer479@example.com,9855954847,Chennai
480,Amit Kale,customer480@example.com,9406635834,Chennai
481,Amit Sharma,customer481@example.com,9245737277,Mumbai
482,Meera Kulkarni,customer482@example.com,9865975088,Chennai
483,Aditya Pawar,customer483@example.com,9817087513,Hyderabad
484,Aditya Tathe,customer484@example.com,9682152066,Bangalore
485,Raj Kulkarni,customer485@example.com,9864299201,Nashik
486,Sneha Tathe,customer486@example.com,9340777602,Mumbai
487,Amit Kulkarni,customer487@example.com,9354193540,Chennai
488,Aarav Pawar,customer488@example.com,9694875990,Hyderabad
489,Meera Tathe,customer489@example.com,9239340792,Mumbai
490,Aditya Deshmukh,customer490@example.com,9527521016,Chennai
491,Isha Jadhav,customer491@example.com,9925884151,Delhi
492,Riya Sharma,customer492@example.com,9234568604,Hyderabad
493,Aditya More,customer493@example.com,9600184588,Hyderabad
494,Rohan Tathe,customer494@example.com,9786973497,Nashik
495,Rohan Jadhav,customer495@example.com,9639945876,Pune
496,Arjun Tathe,customer496@example.com,9264299106,Bangalore
497,Rahul Kulkarni,customer497@example.com,9446454337,Nagpur
498,Sneha Tathe,customer498@example.com,9404994549,Mumbai
499,Ankit Joshi,customer499@example.com,9781887358,Bangalore
500,Rohan Deshmukh,customer500@example.com,9759737342,Mumbai
501,Isha Kulkarni,customer501@example.com,9735449477,Nashik
502,Rahul Kale,customer502@example.com,9873773537,Hyderabad
503,Riya Patil,customer503@example.com,9986090690,Pune
504,Aditya Patil,customer504@example.com,9788755699,Bangalore
505,Amit Kale,customer505@example.com,9547306651,Pune
506,Ananya Tathe,customer506@example.com,9411032572,Bangalore
507,Ananya Joshi,customer507@example.com,9964027324,Delhi
508,Raj More,customer508@example.com,9178354184,Pune
509,Rahul More,customer509@example.com,9546270451,Chennai
510,Meera Joshi,customer510@example.com,9465278987,Nashik
511,Priya Pawar,customer511@example.com,9888340979,Hyderabad
512,Pooja Kulkarni,customer512@example.com,9916757816,Hyderabad
513,Isha Tathe,customer513@example.com,9214014134,Hyderabad
514,Karan More,customer514@example.com,9231556899,Bangalore
515,Meera Joshi,customer515@example.com,9251266214,Mumbai
516,Vivaan Deshmukh,customer516@example.com,9512477736,Delhi
517,Karan Kulkarni,customer517@example.com,9973465185,Hyderabad
518,Riya Pawar,customer518@example.com,9303832812,Nashik
519,Ananya Tathe,customer519@example.com,9601238919,Chennai
520,Raj More,customer520@example.com,9124885365,Mumbai
521,Pooja Tathe,customer521@example.com,9590947659,Nagpur
522,Amit Kale,customer522@example.com,9478918222,Pune
523,Vivaan Deshmukh,customer523@example.com,9631388604,Chennai
524,Raj Tathe,customer524@example.com,9108780419,Mumbai
525,Neha Kulkarni,customer525@example.com,9383975609,Hyderabad
526,Pooja Pawar,customer526@example.com,9148578655,Delhi
527,Vivaan Kale,customer527@example.com,9703246271,Nagpur
528,Sneha Tathe,customer528@example.com,9409883716,Mumbai
529,Pooja Tathe,customer529@example.com,9583564328,Bangalore
530,Simran Kale,customer530@example.com,9227572362,Nashik
531,Arjun Jadhav,customer531@example.com,9500718660,Hyderabad
532,Kavya Pawar,customer532@example.com,9910637681,Nashik
533,Amit Kale,customer533@example.com,9646666136,Delhi
534,Isha Patil,customer534@example.com,9148644109,Pune
535,Rohan Pawar,customer535@example.com,9963251765,Chennai
536,Isha More,customer536@example.com,9259923818,Nashik
537,Priya Kale,customer537@example.com,9442019016,Nashik
538,Pooja Kale,customer538@example.com,9893838119,Bangalore
539,Riya Pawar,customer539@example.com,9644725317,Chennai
540,Riya Deshmukh,customer540@example.com,9609912042,Pune
541,Sneha Pawar,customer541@example.com,9823494111,Mumbai
542,Neha Kale,customer542@example.com,9430366556,Pune
543,Simran More,customer543@example.com,9385111130,Nagpur
544,Vivaan Kale,customer544@example.com,9615877957,Nashik
545,Isha Kale,customer545@example.com,9931726993,Delhi
546,Rohan Joshi,customer546@example.com,9133898577,Mumbai
547,Amit Patil,customer547@example.com,9573561557,Hyderabad
548,Neha Kulkarni,customer548@example.com,9543412542,Nagpur
549,Neha Tathe,customer549@example.com,9932120169,Chennai
550,Vivaan Kulkarni,customer550@example.com,9656931857,Nagpur
551,Kavya Pawar,customer551@example.com,9811060614,Chennai
552,Isha Jadhav,customer552@example.com,9436889280,Nashik
553,Meera Tathe,customer553@example.com,9467570835,Hyderabad
554,Ankit Kale,customer554@example.com,9619884429,Nagpur
555,Karan Deshmukh,customer555@example.com,9699240979,Bangalore
556,Karan Deshmukh,customer556@example.com,9928042067,Bangalore
557,Amit More,customer557@example.com,9440419907,Chennai
558,Sneha Tathe,customer558@example.com,9954059995,Bangalore
559,Raj Sharma,customer559@example.com,9715766024,Delhi
560,Pooja Pawar,customer560@example.com,9930071496,Nashik
561,Raj Patil,customer561@example.com,9408840720,Mumbai
562,Sneha More,customer562@example.com,9804344630,Bangalore
563,Ananya Joshi,customer563@example.com,9316968866,Bangalore
564,Kavya Deshmukh,customer564@example.com,9247395716,Mumbai
565,Simran Kale,customer565@example.com,9356927167,Nagpur
566,Vivaan Tathe,customer566@example.com,9342313086,Nagpur
567,Vivaan Sharma,customer567@example.com,9543778963,Hyderabad
568,Ananya Sharma,customer568@example.com,9831424323,Nashik
569,Aarav Tathe,customer569@example.com,9269587940,Delhi
570,Ananya More,customer570@example.com,9798510601,Nagpur
571,Raj Pawar,customer571@example.com,9406462391,Pune
572,Aditya Kale,customer572@example.com,9349344539,Pune
573,Rahul Jadhav,customer573@example.com,9999371401,Nashik
574,Vivaan Jadhav,customer574@example.com,9946066287,Chennai
575,Rahul Deshmukh,customer575@example.com,9140229006,Pune
576,Raj Kale,customer576@example.com,9747233283,Mumbai
577,Priya Deshmukh,customer577@example.com,9587853601,Chennai
578,Rohan Tathe,customer578@example.com,9602533479,Bangalore
579,Amit Sharma,customer579@example.com,9455069350,Nashik
580,Meera Deshmukh,customer580@example.com,9871588919,Nashik
581,Aarav Pawar,customer581@example.com,9949080318,Bangalore
582,Riya Joshi,customer582@example.com,9288436227,Delhi
583,Neha Tathe,customer583@example.com,9452108572,Mumbai
584,Pooja Sharma,customer584@example.com,9298407302,Nashik
585,Ananya Pawar,customer585@example.com,9366338529,Pune
586,Ankit Jadhav,customer586@example.com,9352889019,Chennai
587,Ankit Pawar,customer587@example.com,9424211872,Pune
588,Ankit Pawar,customer588@example.com,9843854609,Nagpur
589,Vivaan Sharma,customer589@example.com,9599714064,Bangalore
590,Rahul Jadhav,customer590@example.com,9836665942,Bangalore
591,Arjun Deshmukh,customer591@example.com,9494647257,Nagpur
592,Karan Kulkarni,customer592@example.com,9613443905,Nashik
593,Meera Kale,customer593@example.com,9501176618,Delhi
594,Kavya More,customer594@example.com,9913198930,Nagpur
595,Karan Kale,customer595@example.com,9945432844,Mumbai
596,Isha More,customer596@example.com,9667121569,Hyderabad
597,Aditya Kale,customer597@example.com,9220483278,Pune
598,Kavya Tathe,customer598@example.com,9317064188,Nashik
599,Rahul Pawar,customer599@example.com,9658712474,Chennai
600,Arjun Joshi,customer600@example.com,9869784803,Chennai
601,Aditya Tathe,customer601@example.com,9578333394,Pune
602,Meera Kulkarni,customer602@example.com,9651095672,Delhi
603,Meera Kale,customer603@example.com,9161994392,Chennai
604,Raj Patil,customer604@example.com,9525146690,Bangalore
605,Aarav Joshi,customer605@example.com,9720956992,Mumbai
606,Vivaan Jadhav,customer606@example.com,9469935052,Mumbai
607,Kavya Patil,customer607@example.com,9174108740,Chennai
608,Vivaan Deshmukh,customer608@example.com,9539017530,Nashik
609,Rohan Jadhav,customer609@example.com,9502074351,Delhi
610,Meera Jadhav,customer610@example.com,9503346325,Mumbai
611,Kavya Kulkarni,customer611@example.com,9801726890,Hyderabad
612,Arjun Kulkarni,customer612@example.com,9676876906,Delhi
613,Isha Kulkarni,customer613@example.com,9881531720,Nagpur
614,Aarav Patil,customer614@example.com,9420364823,Chennai
615,Kavya Jadhav,customer615@example.com,9671159367,Delhi
616,Karan Joshi,customer616@example.com,9594592624,Hyderabad
617,Rohan Deshmukh,customer617@example.com,9302379343,Mumbai
618,Vivaan Jadhav,customer618@example.com,9760268760,Pune
619,Karan Joshi,customer619@example.com,9172253060,Mumbai
620,Simran Patil,customer620@example.com,9579362443,Pune
621,Karan Patil,customer621@example.com,9531929128,Chennai
622,Karan Tathe,customer622@example.com,9333291033,Pune
623,Rohan Tathe,customer623@example.com,9410594268,Nagpur
624,Riya Pawar,customer624@example.com,9720058859,Hyderabad
625,Karan Deshmukh,customer625@example.com,9253824712,Nagpur
626,Neha Deshmukh,customer626@example.com,9395444277,Pune
627,Kavya Kale,customer627@example.com,9889427990,Nashik
628,Neha Tathe,customer628@example.com,9632168774,Pune
629,Sneha Jadhav,customer629@example.com,9943751263,Hyderabad
630,Neha Jadhav,customer630@example.com,9260221190,Bangalore
631,Pooja Kulkarni,customer631@example.com,9910048118,Chennai
632,Karan Joshi,customer632@example.com,9422913264,Nashik
633,Meera Patil,customer633@example.com,9703857319,Delhi
634,Neha Tathe,customer634@example.com,9669074377,Nashik
635,Pooja Joshi,customer635@example.com,9373799489,Nagpur
636,Priya Sharma,customer636@example.com,9582954920,Hyderabad
637,Aditya Tathe,customer637@example.com,9878016905,Nagpur
638,Vivaan Deshmukh,customer638@example.com,9504981031,Pune
639,Aditya Joshi,customer639@example.com,9963987020,Nagpur
640,Ananya Joshi,customer640@example.com,9457517705,Bangalore
641,Aarav Joshi,customer641@example.com,9304036387,Mumbai
642,Ananya Joshi,customer642@example.com,9846923032,Nagpur
643,Pooja Joshi,customer643@example.com,9692790631,Hyderabad
644,Raj Jadhav,customer644@example.com,9600632621,Hyderabad
645,Raj Deshmukh,customer645@example.com,9486165467,Chennai
646,Meera Sharma,customer646@example.com,9962017778,Chennai
647,Priya Joshi,customer647@example.com,9498041381,Hyderabad
648,Neha Patil,customer648@example.com,9704006325,Nagpur
649,Rohan Patil,customer649@example.com,9380004069,Delhi
650,Raj Kulkarni,customer650@example.com,9310659326,Hyderabad
651,Karan Jadhav,customer651@example.com,9711806831,Nagpur
652,Ananya Tathe,customer652@example.com,9802879944,Hyderabad
653,Ankit More,customer653@example.com,9876914430,Chennai
654,Meera Kulkarni,customer654@example.com,9886808192,Hyderabad
655,Rahul Kulkarni,customer655@example.com,9873430762,Chennai
656,Rahul Tathe,customer656@example.com,9789137659,Pune
657,Isha Patil,customer657@example.com,9179811669,Pune
658,Aarav Jadhav,customer658@example.com,9247630403,Nagpur
659,Aditya Kulkarni,customer659@example.com,9109815572,Nagpur
660,Isha More,customer660@example.com,9500721199,Pune
661,Simran Kale,customer661@example.com,9618836510,Chennai
662,Aarav Patil,customer662@example.com,9671458801,Delhi
663,Aarav Patil,customer663@example.com,9668457864,Bangalore
664,Kavya Deshmukh,customer664@example.com,9118406723,Delhi
665,Rahul Sharma,customer665@example.com,9203416251,Nashik
666,Karan Joshi,customer666@example.com,9765484610,Bangalore
667,Sneha Deshmukh,customer667@example.com,9953556386,Delhi
668,Aditya Pawar,customer668@example.com,9535968611,Chennai
669,Riya Joshi,customer669@example.com,9848651792,Nagpur
670,Raj Sharma,customer670@example.com,9801943382,Pune
671,Aditya Jadhav,customer671@example.com,9507231644,Delhi
672,Kavya More,customer672@example.com,9160252954,Pune
673,Rahul Sharma,customer673@example.com,9636718857,Delhi
674,Priya Kale,customer674@example.com,9202393989,Pune
675,Karan Joshi,customer675@example.com,9843338269,Chennai
676,Ankit Patil,customer676@example.com,9179830621,Bangalore
677,Kavya Kale,customer677@example.com,9806639422,Pune
678,Rahul Pawar,customer678@example.com,9116812751,Nagpur
679,Riya Kulkarni,customer679@example.com,9907727084,Delhi
680,Aditya Deshmukh,customer680@example.com,9274429624,Nagpur
681,Riya Jadhav,customer681@example.com,9826960759,Hyderabad
682,Pooja Kulkarni,customer682@example.com,9948790854,Mumbai
683,Isha Pawar,customer683@example.com,9157656107,Mumbai
684,Neha Joshi,customer684@example.com,9181623972,Hyderabad
685,Simran Kale,customer685@example.com,9739529933,Delhi
686,Priya Patil,customer686@example.com,9780884334,Bangalore
687,Meera More,customer687@example.com,9344961731,Hyderabad
688,Kavya Jadhav,customer688@example.com,9563693201,Nashik
689,Riya Jadhav,customer689@example.com,9192013357,Bangalore
690,Karan Sharma,customer690@example.com,9188087644,Bangalore
691,Rohan Jadhav,customer691@example.com,9864157523,Nashik
692,Pooja Pawar,customer692@example.com,9487298927,Mumbai
693,Aditya Patil,customer693@example.com,9430999662,Chennai
694,Sneha Deshmukh,customer694@example.com,9209770151,Nashik
695,Aditya Kulkarni,customer695@example.com,9562760731,Chennai
696,Kavya Tathe,customer696@example.com,9650229169,Delhi
697,Arjun Patil,customer697@example.com,9196227496,Hyderabad
698,Kavya Sharma,customer698@example.com,9740942859,Hyderabad
699,Pooja Patil,customer699@example.com,9413368711,Delhi
700,Pooja Sharma,customer700@example.com,9878295151,Nagpur
701,Riya Tathe,customer701@example.com,9282088279,Delhi
702,Rahul Kulkarni,customer702@example.com,9388749542,Bangalore
703,Ankit More,customer703@example.com,9256696327,Mumbai
704,Rahul Jadhav,customer704@example.com,9396311802,Delhi
705,Raj More,customer705@example.com,9940381893,Mumbai
706,Sneha Deshmukh,customer706@example.com,9364774064,Chennai
707,Simran Kale,customer707@example.com,9309968304,Chennai
708,Arjun Kulkarni,customer708@example.com,9427124037,Pune
709,Pooja Pawar,customer709@example.com,9765926290,Delhi
710,Priya More,customer710@example.com,9459420281,Delhi
711,Simran Kulkarni,customer711@example.com,9422589929,Hyderabad
712,Simran Joshi,customer712@example.com,9614332794,Hyderabad
713,Rahul Jadhav,customer713@example.com,9442671456,Bangalore
714,Ananya Kale,customer714@example.com,9939638591,Nagpur
715,Priya Jadhav,customer715@example.com,9400969989,Delhi
716,Sneha Sharma,customer716@example.com,9705429879,Nagpur
717,Riya Tathe,customer717@example.com,9293195372,Pune
718,Meera Joshi,customer718@example.com,9570787423,Bangalore
719,Aditya Jadhav,customer719@example.com,9822604249,Chennai
720,Rohan Deshmukh,customer720@example.com,9359868249,Bangalore
721,Rohan Jadhav,customer721@example.com,9947264726,Delhi
722,Aditya More,customer722@example.com,9742026586,Chennai
723,Riya Jadhav,customer723@example.com,9673772626,Delhi
724,Kavya Patil,customer724@example.com,9949030118,Hyderabad
725,Kavya Kale,customer725@example.com,9785240944,Mumbai
726,Arjun Joshi,customer726@example.com,9806094391,Hyderabad
727,Rahul Kale,customer727@example.com,9147563208,Delhi
728,Priya Jadhav,customer728@example.com,9213757100,Pune
729,Arjun Deshmukh,customer729@example.com,9338371847,Nagpur
730,Meera Pawar,customer730@example.com,9519977113,Chennai
731,Riya Tathe,customer731@example.com,9261861139,Hyderabad
732,Aarav More,customer732@example.com,9212259020,Bangalore
733,Neha Sharma,customer733@example.com,9224628497,Nashik
734,Sneha Deshmukh,customer734@example.com,9468365044,Chennai
735,Amit Tathe,customer735@example.com,9618537844,Hyderabad
736,Ananya Sharma,customer736@example.com,9570477095,Chennai
737,Priya Sharma,customer737@example.com,9422406106,Pune
738,Arjun Patil,customer738@example.com,9468377143,Mumbai
739,Rahul Joshi,customer739@example.com,9654044237,Nashik
740,Kavya Kulkarni,customer740@example.com,9455397438,Delhi
741,Meera Joshi,customer741@example.com,9956583753,Delhi
742,Rahul Kulkarni,customer742@example.com,9787708952,Delhi
743,Pooja Patil,customer743@example.com,9891764728,Nagpur
744,Meera Kale,customer744@example.com,9561228852,Delhi
745,Aarav Joshi,customer745@example.com,9320959407,Bangalore
746,Aditya Kale,customer746@example.com,9209255425,Nashik
747,Sneha Pawar,customer747@example.com,9311606895,Chennai
748,Arjun Deshmukh,customer748@example.com,9820160169,Chennai
749,Isha Pawar,customer749@example.com,9740992546,Delhi
750,Simran Jadhav,customer750@example.com,9730291513,Mumbai
751,Sneha Pawar,customer751@example.com,9591624059,Nashik
752,Raj Kale,customer752@example.com,9733688460,Mumbai
753,Rohan Pawar,customer753@example.com,9226552991,Nagpur
754,Raj Sharma,customer754@example.com,9296542559,Hyderabad
755,Rohan Tathe,customer755@example.com,9517109257,Delhi
756,Simran Kulkarni,customer756@example.com,9717193289,Delhi
757,Neha Kulkarni,customer757@example.com,9622558165,Nashik
758,Kavya Kulkarni,customer758@example.com,9625749126,Bangalore
759,Rohan Kulkarni,customer759@example.com,9437777716,Chennai
760,Simran Patil,customer760@example.com,9485515372,Pune
761,Ananya Kulkarni,customer761@example.com,9309517616,Delhi
762,Kavya Tathe,customer762@example.com,9801228319,Chennai
763,Neha More,customer763@example.com,9546279777,Chennai
764,Ananya Kulkarni,customer764@example.com,9188766909,Pune
765,Karan Deshmukh,customer765@example.com,9135106082,Bangalore
766,Karan Tathe,customer766@example.com,9409957384,Nashik
767,Meera Kale,customer767@example.com,9897272900,Chennai
768,Kavya Tathe,customer768@example.com,9221559383,Mumbai
769,Ankit Tathe,customer769@example.com,9983993176,Hyderabad
770,Kavya Patil,customer770@example.com,9916048218,Chennai
771,Kavya Joshi,customer771@example.com,9556506372,Mumbai
772,Karan Deshmukh,customer772@example.com,9134607126,Chennai
773,Ankit Pawar,customer773@example.com,9976955647,Mumbai
774,Meera Sharma,customer774@example.com,9932828137,Nagpur
775,Amit Kale,customer775@example.com,9839951555,Hyderabad
776,Simran Jadhav,customer776@example.com,9278221407,Nashik
777,Amit Joshi,customer777@example.com,9964835149,Pune
778,Riya Pawar,customer778@example.com,9671532152,Bangalore
779,Simran Tathe,customer779@example.com,9280793819,Hyderabad
780,Raj Deshmukh,customer780@example.com,9714970148,Bangalore
781,Isha Sharma,customer781@example.com,9245587477,Delhi
782,Vivaan Deshmukh,customer782@example.com,9804263267,Nashik
783,Rohan Joshi,customer783@example.com,9257027702,Hyderabad
784,Karan Jadhav,customer784@example.com,9625552311,Nashik
785,Riya Deshmukh,customer785@example.com,9774108885,Delhi
786,Pooja More,customer786@example.com,9181084980,Mumbai
787,Pooja Tathe,customer787@example.com,9905094179,Bangalore
788,Sneha More,customer788@example.com,9624033772,Hyderabad
789,Riya Patil,customer789@example.com,9931221434,Mumbai
790,Meera Pawar,customer790@example.com,9168000803,Delhi
791,Amit Jadhav,customer791@example.com,9985673417,Nagpur
792,Ananya Deshmukh,customer792@example.com,9446673808,Bangalore
793,Priya Tathe,customer793@example.com,9720551525,Nashik
794,Riya More,customer794@example.com,9946434607,Hyderabad
795,Vivaan Patil,customer795@example.com,9206917560,Chennai
796,Aarav Sharma,customer796@example.com,9269633510,Chennai
797,Meera Patil,customer797@example.com,9559346003,Nagpur
798,Rohan Deshmukh,customer798@example.com,9270700744,Bangalore
799,Aditya Pawar,customer799@example.com,9368853440,Mumbai
800,Sneha Kulkarni,customer800@example.com,9155606161,Delhi
801,Raj Joshi,customer801@example.com,9560883210,Mumbai
802,Arjun Patil,customer802@example.com,9329159242,Chennai
803,Aditya Kulkarni,customer803@example.com,9737458510,Nagpur
804,Isha More,customer804@example.com,9109971784,Pune
805,Priya Sharma,customer805@example.com,9553456129,Nashik
806,Ananya Sharma,customer806@example.com,9345829826,Delhi
807,Aditya Sharma,customer807@example.com,9210811807,Hyderabad
808,Sneha Deshmukh,customer808@example.com,9247241457,Delhi
809,Rohan Kulkarni,customer809@example.com,9173456403,Pune
810,Simran Kulkarni,customer810@example.com,9572553155,Hyderabad
811,Amit Kulkarni,customer811@example.com,9542070132,Chennai
812,Amit Sharma,customer812@example.com,9207873599,Nashik
813,Arjun Kale,customer813@example.com,9883841357,Delhi
814,Sneha Jadhav,customer814@example.com,9437695739,Nashik
815,Karan Deshmukh,customer815@example.com,9792156071,Mumbai
816,Karan Tathe,customer816@example.com,9745317824,Bangalore
817,Aarav Deshmukh,customer817@example.com,9320595661,Nagpur
818,Pooja Deshmukh,customer818@example.com,9793819512,Pune
819,Karan More,customer819@example.com,9514341484,Mumbai
820,Karan More,customer820@example.com,9785135687,Mumbai
821,Isha Patil,customer821@example.com,9487726245,Hyderabad
822,Rohan Jadhav,customer822@example.com,9710293796,Delhi
823,Sneha Tathe,customer823@example.com,9833303441,Nashik
824,Ananya Sharma,customer824@example.com,9117920106,Mumbai
825,Aarav Deshmukh,customer825@example.com,9331652222,Pune
826,Vivaan Jadhav,customer826@example.com,9643968992,Bangalore
827,Isha Jadhav,customer827@example.com,9554810443,Delhi
828,Aditya Tathe,customer828@example.com,9677303044,Nashik
829,Ankit Sharma,customer829@example.com,9432759989,Mumbai
830,Isha Joshi,customer830@example.com,9967647911,Nashik
831,Kavya Pawar,customer831@example.com,9519544755,Mumbai
832,Raj Jadhav,customer832@example.com,9883786839,Nagpur
833,Vivaan Joshi,customer833@example.com,9192570281,Delhi
834,Arjun More,customer834@example.com,9757448675,Pune
835,Raj Kulkarni,customer835@example.com,9228250953,Pune
836,Rohan Patil,customer836@example.com,9275913951,Chennai
837,Sneha Tathe,customer837@example.com,9655363795,Bangalore
838,Rahul Pawar,customer838@example.com,9236290703,Bangalore
839,Arjun Patil,customer839@example.com,9459715348,Delhi
840,Ankit Tathe,customer840@example.com,9168582026,Bangalore
841,Riya Sharma,customer841@example.com,9632734398,Chennai
842,Isha Pawar,customer842@example.com,9159527291,Chennai
843,Riya Kulkarni,customer843@example.com,9494801749,Nashik
844,Ankit Sharma,customer844@example.com,9716233644,Mumbai
845,Karan Tathe,customer845@example.com,9102757916,Pune
846,Aarav Joshi,customer846@example.com,9149372289,Chennai
847,Sneha Jadhav,customer847@example.com,9261152186,Nashik
848,Vivaan Tathe,customer848@example.com,9962338680,Delhi
849,Karan Pawar,customer849@example.com,9366570563,Delhi
850,Priya Deshmukh,customer850@example.com,9986907524,Mumbai
851,Riya Pawar,customer851@example.com,9228205773,Pune
852,Rahul Joshi,customer852@example.com,9963651372,Pune
853,Pooja Sharma,customer853@example.com,9599391065,Bangalore
854,Raj Pawar,customer854@example.com,9192755745,Chennai
855,Aarav Pawar,customer855@example.com,9315469014,Bangalore
856,Riya Deshmukh,customer856@example.com,9894113665,Nagpur
857,Meera Pawar,customer857@example.com,9735323297,Chennai
858,Amit Tathe,customer858@example.com,9916561565,Nagpur
859,Rohan Patil,customer859@example.com,9540272920,Pune
860,Karan Tathe,customer860@example.com,9471969615,Pune
861,Priya Patil,customer861@example.com,9914893975,Delhi
862,Raj Sharma,customer862@example.com,9320325776,Nagpur
863,Neha More,customer863@example.com,9164311845,Nashik
864,Ankit Sharma,customer864@example.com,9147137549,Nagpur
865,Isha Jadhav,customer865@example.com,9852528635,Hyderabad
866,Meera Sharma,customer866@example.com,9723597716,Mumbai
867,Isha Kulkarni,customer867@example.com,9784205125,Delhi
868,Aditya Kale,customer868@example.com,9709692870,Pune
869,Neha Kulkarni,customer869@example.com,9354231714,Bangalore
870,Ankit Pawar,customer870@example.com,9959870518,Delhi
871,Priya Pawar,customer871@example.com,9586145040,Bangalore
872,Karan Sharma,customer872@example.com,9317661025,Nashik
873,Riya Sharma,customer873@example.com,9266870811,Mumbai
874,Rahul More,customer874@example.com,9600422869,Hyderabad
875,Neha Sharma,customer875@example.com,9675444604,Hyderabad
876,Amit More,customer876@example.com,9431042889,Chennai
877,Ankit Sharma,customer877@example.com,9197088689,Nashik
878,Raj Kale,customer878@example.com,9143303806,Nagpur
879,Priya Kulkarni,customer879@example.com,9197939109,Nagpur
880,Sneha Jadhav,customer880@example.com,9651323128,Pune
881,Raj Deshmukh,customer881@example.com,9980564513,Nashik
882,Aarav Jadhav,customer882@example.com,9585547305,Nagpur
883,Arjun More,customer883@example.com,9209422179,Nashik
884,Arjun Patil,customer884@example.com,9166216779,Nagpur
885,Rohan Joshi,customer885@example.com,9984412594,Delhi
886,Sneha Sharma,customer886@example.com,9725265416,Bangalore
887,Aditya Patil,customer887@example.com,9169226321,Nagpur
888,Meera Kulkarni,customer888@example.com,9198761306,Hyderabad
889,Arjun Patil,customer889@example.com,9594989531,Pune
890,Rahul Kale,customer890@example.com,9565098113,Delhi
891,Ananya Patil,customer891@example.com,9510952606,Delhi
892,Rahul Pawar,customer892@example.com,9330549659,Nashik
893,Ankit Deshmukh,customer893@example.com,9578901124,Nashik
894,Vivaan Kale,customer894@example.com,9764835755,Nagpur
895,Raj More,customer895@example.com,9542373256,Chennai
896,Vivaan Sharma,customer896@example.com,9400407178,Delhi
897,Rohan Jadhav,customer897@example.com,9314166184,Nagpur
898,Kavya Patil,customer898@example.com,9510704185,Hyderabad
899,Ananya Tathe,customer899@example.com,9939059557,Chennai
900,Sneha Kale,customer900@example.com,9639440654,Hyderabad
901,Pooja Deshmukh,customer901@example.com,9293075824,Pune
902,Priya Kale,customer902@example.com,9335171142,Pune
903,Ankit Patil,customer903@example.com,9968285490,Chennai
904,Isha Pawar,customer904@example.com,9923390510,Nagpur
905,Rahul Sharma,customer905@example.com,9366134484,Nagpur
906,Ankit Tathe,customer906@example.com,9976479512,Pune
907,Karan Kale,customer907@example.com,9956191734,Delhi
908,Sneha Kulkarni,customer908@example.com,9289086333,Nagpur
909,Riya Pawar,customer909@example.com,9965661638,Hyderabad
910,Riya Patil,customer910@example.com,9855326778,Hyderabad
911,Riya Kale,customer911@example.com,9252581172,Nagpur
912,Ananya Tathe,customer912@example.com,9431843213,Nashik
913,Ananya Patil,customer913@example.com,9196913120,Pune
914,Karan Kale,customer914@example.com,9334944315,Pune
915,Isha More,customer915@example.com,9100733897,Hyderabad
916,Simran Joshi,customer916@example.com,9965914172,Nashik
917,Priya Kulkarni,customer917@example.com,9961596686,Hyderabad
918,Vivaan Patil,customer918@example.com,9258604568,Nashik
919,Arjun Tathe,customer919@example.com,9491797490,Mumbai
920,Sneha Jadhav,customer920@example.com,9729230605,Mumbai
921,Priya Deshmukh,customer921@example.com,9446392556,Nashik
922,Rahul Jadhav,customer922@example.com,9950234433,Chennai
923,Priya Kulkarni,customer923@example.com,9859331874,Hyderabad
924,Karan Kale,customer924@example.com,9974513582,Nashik
925,Pooja Deshmukh,customer925@example.com,9888121101,Bangalore
926,Rohan Kulkarni,customer926@example.com,9882576281,Pune
927,Riya Jadhav,customer927@example.com,9927672827,Pune
928,Rahul Kale,customer928@example.com,9441682804,Nagpur
929,Riya Sharma,customer929@example.com,9632774653,Nashik
930,Priya Sharma,customer930@example.com,9355546183,Hyderabad
931,Priya Kulkarni,customer931@example.com,9783100341,Mumbai
932,Priya More,customer932@example.com,9112235959,Bangalore
933,Amit Joshi,customer933@example.com,9844292151,Mumbai
934,Sneha Deshmukh,customer934@example.com,9945056299,Mumbai
935,Aarav Patil,customer935@example.com,9514396801,Chennai
936,Neha Kulkarni,customer936@example.com,9544549689,Chennai
937,Pooja Pawar,customer937@example.com,9686288768,Delhi
938,Arjun More,customer938@example.com,9946892378,Nagpur
939,Rahul More,customer939@example.com,9179144854,Pune
940,Raj Patil,customer940@example.com,9442219677,Bangalore
941,Arjun Sharma,customer941@example.com,9467013765,Nashik
942,Pooja Kulkarni,customer942@example.com,9885963005,Mumbai
943,Kavya Sharma,customer943@example.com,9462871672,Chennai
944,Aarav Jadhav,customer944@example.com,9801835431,Nashik
945,Simran Jadhav,customer945@example.com,9268688902,Pune
946,Arjun Pawar,customer946@example.com,9320708138,Nagpur
947,Neha Tathe,customer947@example.com,9875282507,Bangalore
948,Raj Deshmukh,customer948@example.com,9355065530,Mumbai
949,Vivaan Jadhav,customer949@example.com,9713933158,Chennai
950,Rohan Patil,customer950@example.com,9487437109,Pune
951,Neha Sharma,customer951@example.com,9416270056,Chennai
952,Amit Sharma,customer952@example.com,9127633490,Nagpur
953,Rahul Deshmukh,customer953@example.com,9187978213,Chennai
954,Arjun Deshmukh,customer954@example.com,9942754807,Delhi
955,Ananya More,customer955@example.com,9809786356,Bangalore
956,Aditya Tathe,customer956@example.com,9516104074,Nashik
957,Sneha Jadhav,customer957@example.com,9496642020,Nashik
958,Meera Patil,customer958@example.com,9382711894,Chennai
959,Meera Deshmukh,customer959@example.com,9342925794,Bangalore
960,Riya Patil,customer960@example.com,9262275325,Mumbai
961,Aditya Pawar,customer961@example.com,9967776836,Delhi
962,Riya Joshi,customer962@example.com,9694425527,Pune
963,Pooja Tathe,customer963@example.com,9549502766,Chennai
964,Riya Joshi,customer964@example.com,9611382735,Bangalore
965,Aditya Jadhav,customer965@example.com,9866979905,Pune
966,Isha Kale,customer966@example.com,9654928450,Nashik
967,Arjun More,customer967@example.com,9285627380,Nashik
968,Amit Joshi,customer968@example.com,9235491190,Pune
969,Neha Sharma,customer969@example.com,9833500385,Delhi
970,Amit Kulkarni,customer970@example.com,9995616775,Bangalore
971,Priya Sharma,customer971@example.com,9193445007,Delhi
972,Kavya Jadhav,customer972@example.com,9692763677,Hyderabad
973,Ankit Tathe,customer973@example.com,9591942526,Pune
974,Simran Kale,customer974@example.com,9661096687,Delhi
975,Arjun Jadhav,customer975@example.com,9260677223,Nashik
976,Riya Kale,customer976@example.com,9725644753,Mumbai
977,Arjun Kale,customer977@example.com,9937029745,Mumbai
978,Raj Tathe,customer978@example.com,9469226717,Delhi
979,Ankit Jadhav,customer979@example.com,9803072911,Chennai
980,Riya Kale,customer980@example.com,9607929943,Pune
981,Rahul Deshmukh,customer981@example.com,9532689999,Nashik
982,Simran Kale,customer982@example.com,9831017246,Delhi
983,Vivaan Jadhav,customer983@example.com,9455939049,Nagpur
984,Vivaan More,customer984@example.com,9388390253,Hyderabad
985,Aarav Pawar,customer985@example.com,9977661452,Bangalore
986,Raj Deshmukh,customer986@example.com,9627872109,Mumbai
987,Karan Kulkarni,customer987@example.com,9422638422,Chennai
988,Priya Deshmukh,customer988@example.com,9882542411,Delhi
989,Simran Sharma,customer989@example.com,9301794412,Chennai
990,Amit Jadhav,customer990@example.com,9895583423,Chennai
991,Isha Pawar,customer991@example.com,9981560713,Pune
992,Isha Kulkarni,customer992@example.com,9170455681,Bangalore
993,Isha Jadhav,customer993@example.com,9245652883,Pune
994,Rahul Joshi,customer994@example.com,9994351711,Nagpur
995,Vivaan Joshi,customer995@example.com,9135509761,Chennai
996,Vivaan Pawar,customer996@example.com,9856594938,Nagpur
997,Ankit Pawar,customer997@example.com,9984233149,Chennai
998,Isha Jadhav,customer998@example.com,9782266083,Mumbai
999,Aarav Joshi,customer999@example.com,9499933139,Chennai
1000,Simran More,customer1000@example.com,9290679038,Chennai
